Player_Age,Player_Weight,Player_Height,Previous_Injuries,Training_Intensity,Recovery_Time,Likelihood_of_Injury
24,66.25193286255299,175.73242883117646,1,0.4579289944340279,5,0
37,70.99627126832448,174.58165012331358,0,0.2265216260361057,6,1
32,80.09378116336106,186.32961751509828,0,0.6139703063252326,2,1
28,87.47327055231725,175.50423961774717,1,0.2528581182501112,4,1
25,84.6592200795959,190.1750122908418,0,0.5776317543444226,1,1
38,75.82054871152798,206.63182350119823,1,0.35920874698269034,4,0
24,70.12604976078852,177.04458759853452,0,0.823552226611819,2,0
36,79.03820558679305,181.52315513576625,1,0.8206961607667793,3,1
28,64.08609562706529,183.79482057165507,1,0.4773503981224013,1,1
28,66.82998560739105,198.11504812593517,1,0.3508191093350156,1,0
38,90.09771312459624,179.17352214961812,0,0.36255979655909454,3,0
21,79.02034480046922,171.70983080341637,0,0.8057145256682179,4,0
25,71.52473266227045,167.33659494374297,1,0.328179482797612,5,0
20,83.29138684585268,179.42016052567766,0,0.20905937370684602,4,0
39,87.86974963849593,175.51619780946118,1,0.08468834187530683,2,1
38,70.5536244175436,200.100092893,1,0.4666931208844084,6,1
19,70.72592057550524,197.69862420676967,0,0.4821320989198419,5,1
29,69.47354226652995,169.656271720764,1,0.8409087104029072,4,1
23,84.63850318715362,172.8923989645082,0,0.22123869644606398,6,0
19,84.73557447520125,180.73770107886887,1,0.3809912736683999,6,1
38,88.85903321291099,193.97226422558762,0,0.8084057388936909,3,0
18,85.08602949848836,180.57013136371052,1,0.8236236107489735,2,0
29,58.67781920571481,173.52759362011955,1,0.3846110759787682,2,0
39,77.80964320918198,179.41118190097276,0,0.4591240232866809,2,0
29,64.41614597152947,173.71515136103955,1,0.3032858908492829,5,0
34,69.87085625028584,186.02477209439482,1,0.9325548784193121,1,0
27,76.70594203580863,172.90966288335295,0,0.11864376574158031,5,0
33,83.35565398349904,174.89563947573032,1,0.93374942300147,4,1
32,66.09156657548922,191.61933813456096,0,0.6838664518353432,6,0
32,51.752803385475985,172.31635052685928,1,0.5315721526867312,6,1
36,76.80530841805431,165.53871967439838,0,0.032659060784495875,1,1
29,101.43571583398551,180.94993751356304,1,0.4755961918220083,4,0
37,72.97153780329847,176.39526595795405,1,0.4077481050027323,1,0
20,75.46915434950259,185.11415500929954,1,0.16121881197512256,6,1
22,92.82163618536079,183.1747193473109,0,0.6564096035006569,5,1
36,80.90274619061788,179.6808150535664,0,0.9711509073682858,2,1
24,77.16861036982938,179.38956574530005,0,0.5621888110645251,6,1
38,79.42116665313473,172.64141550677164,0,0.7147532764439458,3,0
26,77.50243932573649,180.83347070993244,1,0.06845045256601678,2,0
24,63.602455718432935,188.81284781432768,1,0.41766699581699473,6,0
35,61.58554842200303,170.26553258600524,0,0.11635848516449587,5,1
21,93.86828112124238,179.94602623638465,0,0.6127958355365104,1,0
31,76.83883351905158,190.38388755734613,0,0.9384821582141546,2,1
35,76.00095442579698,185.054240932167,1,0.6617777324716385,5,0
26,74.09772335943791,193.09472896350712,0,0.07680304831442153,4,1
38,82.81073267616452,174.31857670165667,0,0.35466620498508283,3,0
19,100.38691101737487,161.69231551605134,1,0.5506633794408515,2,0
37,80.23952667107794,182.00651803955688,1,0.4032077561332522,1,1
32,69.11913173685447,183.62570815026484,0,0.8336440104751723,4,1
24,73.66599142108456,193.68421954472674,1,0.8146710047099892,5,1
29,85.70996467205255,191.88145734706984,0,0.6118310201032214,3,1
25,69.17199398587002,185.3674362301246,1,0.37345794513270525,1,1
32,83.52246489030269,187.65390214170435,0,0.25533637376324414,5,0
20,51.7926262602187,178.08178541793362,0,0.10587431821312931,5,1
31,72.70120428553614,167.80885388680784,0,0.35489768348655404,2,0
34,81.28140013480669,181.1772121738091,0,0.4131725172077195,2,0
21,87.70125546575716,189.8257346362778,1,0.6758229251040736,1,0
35,66.81525782957608,186.5636086982855,1,0.6581598242975735,6,0
25,59.97234982369396,188.33807339159364,1,0.07010813964125695,6,0
21,72.39264835108182,175.72244312953248,1,0.3952593154311578,5,1
19,63.74580992253111,177.34453161981577,0,0.18177886721736192,2,1
23,73.5096333327047,184.83425488114602,0,0.1568127053168057,3,0
39,74.93346545368763,174.53492605491246,1,0.8273021497372459,3,0
27,61.80854954798055,174.84282930067,1,0.04191521671625753,5,1
21,83.04439110110866,182.9798223637745,1,0.41918287590212133,2,1
39,73.42786106635549,187.60904743156908,1,0.1682036557665182,1,0
35,85.8045986900535,178.00471326670592,1,0.879330215678474,1,1
29,56.55094759703906,168.3681053894636,0,0.5570405132750351,1,1
19,64.82807829454609,172.6419608495717,0,0.23138063637684803,3,1
27,80.16669308648123,182.03672084893097,0,0.5024272871663764,2,0
21,67.00889429174735,181.91520963865966,1,0.7314863597031158,2,1
31,73.35464341950303,182.41238137655347,1,0.9581180089194338,3,0
33,75.00699117557174,185.21295290595756,1,0.22044600424541894,1,0
32,76.58255980953368,180.0581055854245,1,0.8861817721293451,1,0
25,68.22433787266293,182.65056044840313,0,0.9343041141674903,5,0
31,76.49286563472478,179.54973177171132,0,0.9164205445320662,6,0
25,67.1745629476552,191.48733482929438,1,0.6354143568619098,4,1
38,81.74280468746775,194.32342031217502,0,0.6298206544347077,6,0
33,73.85155980516977,168.10988717619966,0,0.4032106331838228,2,0
30,76.55036623595518,177.44748057897746,1,0.7523978823037879,2,0
35,100.69926839690334,180.32724491540708,1,0.5312940183509319,2,1
32,63.928955453999784,177.3308528798568,1,0.6774380712282945,6,1
38,88.88582269040288,197.92922591330873,1,0.42845790384879545,4,1
30,48.40648642950627,182.23955278089736,1,0.7314964640431391,5,1
26,54.21623345081057,171.94628172949655,1,0.8244715176045491,6,1
32,62.59359922312429,185.9644233956067,0,0.14643625660281612,4,1
30,63.224716347250634,182.70974538846193,0,0.832929715574228,1,1
18,77.0370179813885,183.0419291955342,1,0.5402965317903072,1,0
24,77.89842264168468,198.0787615879919,0,0.8446659090902243,2,0
26,72.45178731627635,183.50785175754808,1,0.4313017063410146,3,1
18,73.50122033237538,176.96338476126004,1,0.37904048538303503,2,0
29,80.2776476093166,160.447235736899,1,0.9150607325172224,3,0
25,83.33223877620742,178.34600981856488,1,0.2511692675484013,4,1
28,61.73460983890241,193.0596991732719,0,0.8442123252861431,1,0
36,71.38109028766996,179.08830880443813,1,0.4840205725094041,6,0
34,74.30410177086989,157.59950101480496,0,0.5140954425512597,3,1
25,79.85315996560453,175.01637607807552,1,0.308468281489484,4,0
20,67.27332857726529,189.92688538912793,1,0.5730422006190157,1,1
20,74.1077882440633,185.45817174562015,1,0.3252111962762113,6,1
18,75.29983634527157,171.60119103489265,0,0.03926941424165231,3,0
22,67.9552989654047,174.34715223600918,1,0.27199860534435605,2,0
27,67.71684850052114,175.89291340897583,1,0.006379043406590679,2,0
24,75.98745777637335,173.3728622813707,1,0.9783547870568566,2,1
26,73.69654854012792,159.7032613226042,0,0.9657472098197475,4,1
24,80.00477519420632,187.63591100619857,0,0.39515529747230504,2,1
26,64.46741279355004,192.57059956689093,0,0.728370854339646,5,0
25,71.49318472121213,164.8155105603526,1,0.345806098410425,1,0
29,72.70783948446407,192.43852932586316,0,0.671093157085976,4,1
19,83.13863908123605,178.96976798602785,1,0.8054300430459791,6,0
18,65.59586225432098,192.25132348167875,0,0.9467562446922407,2,0
33,77.34652005155087,180.37950436290447,0,0.400212275849672,1,1
22,77.52755507537887,181.3554459215863,1,0.7832979829560477,3,1
20,91.46397242679973,183.72434646982214,0,0.2659284506321188,2,0
29,64.92910635693738,172.0993367486472,1,0.9903323037936483,1,1
25,68.42766681882506,191.94674144328022,1,0.025769598764351143,5,0
39,65.62644317776679,168.78619361925215,0,0.603528806501121,3,1
20,58.302208279316,175.9793325548333,1,0.6595059816513271,5,1
18,92.64686934262718,185.24264677643168,1,0.6880455570741288,6,1
20,62.584987690508775,174.90804759514538,0,0.12038757878908901,1,0
22,66.83694590945154,187.77531240814943,0,0.9385297834731304,5,0
32,88.1576650828216,193.75866173183957,1,0.1811832790500828,6,1
31,57.46892953061784,190.12546001053838,0,0.6227534032398411,1,1
20,82.5635156928738,160.6388468632138,1,0.22267607912308496,1,1
18,60.869756546582224,181.25846969619357,1,0.3072164170212709,5,0
22,87.46694736529587,190.28682610696393,0,0.5464585417281244,1,1
31,53.30122312959141,166.83251153177943,0,0.4171934185645765,2,1
24,57.465305837493375,187.23610587228876,0,0.1602256009765063,1,1
26,69.55077765041091,186.67460781639312,0,0.1709364024208483,4,1
32,84.71822690172735,167.87910108061735,1,0.41814478816279965,6,0
32,74.69041749363427,188.3423266574016,1,0.7572829782755007,1,0
27,71.6428492711343,182.72697793529935,0,0.8979646468477885,4,1
30,88.46044207464718,186.50381788721268,0,0.08412766225938284,1,0
36,96.55239538433074,170.33687614234867,1,0.39310390755940106,1,0
24,81.72257284413772,181.50136116371385,1,0.10024556372287663,5,0
34,68.77145496898717,162.95121445867676,1,0.016592480632597884,2,1
37,70.81856965990728,157.23008792466948,1,0.6617186826439566,6,0
21,62.11552620242675,181.4082842652775,0,0.6024494419665878,2,0
22,76.00817422254052,191.0059760676131,1,0.1630191138148862,3,0
24,58.70407014023672,182.5293681426508,1,0.2338128330930641,5,1
30,80.518636553095,179.36553936055853,0,0.02370775364451838,5,1
32,95.05574045639953,178.12465879945125,1,0.8349472056944037,2,0
28,82.1759157979305,170.57434608556935,1,0.9746905960485515,5,0
21,70.30852279805066,177.78139096204694,0,0.1354595367946908,2,1
30,80.2693741263179,184.21684468264445,0,0.23147521376529812,5,1
24,91.20533445165877,175.6477776719937,0,0.868409523946934,1,0
36,90.70494635261139,187.50586853835776,1,0.9264637979561848,2,0
39,64.9624210843663,181.95975033864602,1,0.41962738280681033,2,1
19,80.10296389582324,183.16979417773408,0,0.050622472269074126,4,1
27,73.41898509929801,188.8866275355096,0,0.0393918336928194,5,0
30,83.06593247913686,174.7324456734501,1,0.5739498660690104,5,1
38,78.83613953816771,186.59380586186953,0,0.392895108893179,2,0
23,51.302785905155524,176.13523282748025,0,0.028652427577654516,1,0
29,71.5198691370316,183.3951448381884,0,0.5832523923125568,1,0
29,76.98558362896291,173.54228649363432,1,0.011302536589022472,6,1
37,60.65635032841154,170.89296176935267,1,0.787371958149273,1,0
28,80.81022009865985,180.91864745648493,1,0.3064328227033716,5,0
24,59.7598475827297,161.14799947978884,1,0.0402580030092321,4,1
18,67.01560952582946,177.03732556491119,1,0.5883522209831533,2,1
18,88.41311919700135,163.9362299439082,1,0.3976844144330547,3,0
37,66.16222211135731,187.7923403431361,0,0.9738004133571495,4,0
30,80.73966959201675,190.50110596108914,1,0.5441986625037022,3,1
26,57.464262820913135,171.36048778579195,1,0.2752391810370083,4,1
20,95.81314656765142,184.28312962473495,0,0.7094388646339748,1,1
24,71.95446361512742,188.9913571368749,1,0.27149200254271133,5,0
23,75.95320806947718,189.02469222501784,1,0.9042432914075651,3,0
25,76.79036796548965,182.14450833971642,0,0.37472197050737643,4,0
26,81.07566864331359,187.34304675561498,0,0.5498685627762052,5,1
22,59.80820017013823,173.50668688079605,0,0.05057310382422886,3,0
18,74.94663529163337,180.8312246565668,1,0.4261212379522308,2,1
36,68.41231174218643,175.32896593209225,0,0.832363539660995,4,0
27,58.1044277392173,172.66212026214637,1,0.8056488053633419,2,1
29,84.8712220012871,180.36063391469628,1,0.22431855885352625,1,0
32,71.4782701640041,183.47530376158073,1,0.22607907101056268,2,0
39,77.4252042561252,191.63508767954988,1,0.8173053122132368,2,1
26,76.7984541872806,182.65155527298887,0,0.9303984201693255,6,1
37,71.65147727623886,186.4193053496155,0,0.09536092127300355,4,0
34,94.75027353630782,186.53283173249537,1,0.45005863942622526,1,1
34,74.52735347370991,206.8753436569696,0,0.33745427896422897,2,1
37,59.42047682323332,161.89967596727422,1,0.8706884554574393,5,0
29,70.99618639816683,173.1206613316282,1,0.08352491468001877,3,1
24,79.9973762011211,194.7405605248808,1,0.2111259425580374,2,0
19,80.32595109370551,176.47986925146526,0,0.7524683375864943,1,0
20,64.12219064738238,188.85803137601718,1,0.051293848981215584,2,1
34,84.2948250734477,182.30009523762837,1,0.49253538071428926,3,1
22,57.3713307112896,201.0520240120801,0,0.44210703467972,1,0
34,86.44135202616418,168.86945572936287,0,0.33440117898874866,4,0
34,61.806521108625944,192.21800552518812,0,0.3945723153189238,1,0
34,72.73754780991324,197.495813052725,0,0.5299405869302329,4,0
19,85.645686780267,169.85581122832,1,0.16136735838838312,1,0
19,76.1960566888707,187.82870243581345,0,0.5719958782835928,3,0
39,83.1669851771357,170.34502014170945,1,0.8054323292999863,3,1
22,81.18661959709932,180.30161572535124,0,0.760160929790159,1,1
18,87.86268613404602,177.43412069817828,0,0.15389990469377368,2,1
18,85.62209850913712,155.97246065100313,0,0.1492494697414739,3,0
36,70.46255691463558,184.24234259711898,0,0.2681743677449133,4,1
19,81.32941633793465,181.4333916760623,0,0.3610747263410372,4,0
38,59.73448138302253,194.7907897340576,0,0.4084555814084826,5,0
29,74.42095092662215,186.11143654649544,1,0.6796972168333453,6,1
23,83.1848473463854,202.90883924078761,0,0.056680432165835404,6,0
21,76.33847654246,181.07042382078714,0,0.034672704226066386,6,0
28,79.46639731517085,178.94469947997692,0,0.391910562943909,4,0
34,72.86727624034208,178.15643349282905,0,0.6971636921379805,5,0
23,86.29069437535142,175.60411288968226,1,0.19343534295648257,6,0
22,74.19584226291008,157.92249083617432,0,0.6415044812562517,6,0
37,70.34549817595946,177.7980537299204,0,0.25982813794029946,1,1
19,83.86517412569054,159.32145273564007,0,0.8860861088135163,1,0
23,60.9484007763554,184.5203334458577,0,0.8956899442666165,1,0
39,80.01033343517345,167.59939707529415,1,0.2972872042813265,2,0
28,64.5751512577286,171.0566737691158,0,0.2299937539632405,6,0
33,87.77926829238166,173.3058980516745,1,0.41130397206623126,2,1
33,72.38972746753204,177.95064962186754,0,0.24053158518014872,5,1
18,76.34984720819689,180.06868254939036,1,0.6723838432917036,4,0
26,79.12570396644122,190.8447958307307,1,0.8260646845482855,6,0
23,55.70315403685842,174.22469906492447,0,0.673092130911217,4,0
33,68.49415158443144,184.8014613622237,0,0.8243504472493495,1,1
20,85.43545909286553,207.3086723322357,1,0.39699216220747413,6,1
37,83.67765024170889,183.7735070276323,1,0.15631697070886086,3,1
21,77.83032205395216,178.19510211068365,0,0.7379509473975921,2,1
36,61.50536428574476,172.20848348071704,1,0.3604745051415539,2,0
20,80.8550346085858,178.0566845457967,1,0.6712708252291325,6,1
36,82.13399590205445,171.13779656390594,1,0.27064394198176567,1,1
37,75.47017213123745,182.68661426683772,0,0.08122963480667267,2,0
24,87.23170950591458,181.03544138639393,1,0.9925817954877634,1,0
37,68.16568209869877,158.37780779082206,1,0.15620150793059928,5,1
26,69.90142422500026,179.81441994233933,1,0.988420993963481,4,1
18,50.15388420914185,190.76146312640014,0,0.9772799325664473,3,1
25,84.19827510147664,176.0088814779725,0,0.7938181039080396,4,1
24,78.13861963470134,173.47103227588437,1,0.6594229620819976,4,0
35,58.18179674866771,166.2229922688315,0,0.5778070502510847,5,0
25,57.414010000058525,161.42007958375595,1,0.8661015453778347,2,1
18,66.27369372628989,188.31349267063254,0,0.28943952161948794,3,1
28,82.93657941980354,178.18521670420805,0,0.46768121248487704,2,1
35,71.99639511911371,187.72021562003422,1,0.6193899693665019,6,1
27,66.95213083339675,195.3132374457947,0,0.4111904758694911,4,1
20,64.93884106916504,189.21247684910344,0,0.427486454090268,6,0
24,64.49088042171813,174.57627678561204,0,0.3302846675020844,1,0
33,55.6632169889244,181.44867664657556,1,0.564231816684536,4,0
33,62.926041683536255,173.8522713484308,0,0.850574528015116,2,1
37,64.29421920322832,172.91711537398336,0,0.20152837800631285,4,1
34,81.82623236457147,183.42815162402624,1,0.9344330387534414,1,0
19,73.34276946853385,171.67706116881828,0,0.6890876537482297,5,0
18,66.74415156982539,157.908483809113,0,0.8232732126800302,6,1
33,98.09722755406187,171.11852104272623,0,0.5561906926300116,6,0
29,68.36103086453335,176.93118851312627,0,0.7795167014240635,2,1
22,86.67102914383636,195.21398497831922,0,0.01620039733946721,4,1
22,91.21108557787716,175.09062550128635,1,0.8183804247795352,2,0
26,59.30039662342657,185.11924091029275,1,0.04013885908536652,5,0
26,75.73962964073569,178.31691766037932,0,0.8899133763628625,4,0
20,69.82466349091776,192.26405143870383,0,0.9919627472386433,4,1
36,69.01075603440664,191.5709638546396,0,0.2940674621767778,2,1
33,80.55376816806908,191.7617510523992,1,0.21031855628579366,2,0
33,68.77129503576717,162.66016470582647,1,0.7653633638580407,1,1
20,70.0403095367353,182.06724047244995,0,0.2530263409202532,5,1
37,73.31885104374706,187.58938600121948,0,0.8655623831722035,1,1
39,71.26600731623431,183.8153856258933,1,0.10284259215747671,6,0
18,63.26429792987875,186.3659632582183,0,0.12595519637935826,4,1
37,82.95906504847474,180.58351004285478,1,0.9791515551006156,2,0
28,85.48530938507601,172.55215793273473,1,0.6738388982700046,4,0
34,78.43618589535217,163.0290261501375,0,0.8468872244289528,4,1
25,71.23447348977734,173.54430571351526,1,0.324329377351518,3,0
21,67.94789263670219,206.7810987363839,0,0.6764837495206044,6,1
23,67.96379937073554,175.14348823909327,0,0.5942418273085972,3,0
25,98.57376365032708,160.40609773909256,0,0.603150120122947,4,0
37,84.37838301566644,187.32649360729081,0,0.6825324595377216,2,1
20,66.59889921416662,188.55460008682644,0,0.5753591731290986,4,0
33,76.6469782743714,192.8732439015214,0,0.42906236930266595,6,0
20,71.37464974900638,184.7097850370678,1,0.27592269438054684,3,0
35,80.8380037615629,188.45601514466952,1,0.768581330913202,2,1
31,80.43499102789342,198.4021713484199,1,0.2262724300031862,4,1
35,85.83609653905471,172.54526507937885,1,0.6923543061544142,5,0
19,66.49443541337804,170.56149294576284,0,0.23333282264932664,6,0
39,76.0473529863813,169.0541346044707,1,0.6253301699544539,6,0
20,57.51453015042473,177.34230413506017,1,0.7470782671290289,5,1
33,62.426596995711556,194.3342241982517,1,0.2187138889065392,4,1
26,83.84100836559179,185.28068367746235,0,0.05994330086130828,6,0
21,65.49316208594674,184.88691952709218,1,0.13097374299417408,2,1
18,66.59091201952145,161.80692071335275,0,0.6059969672710255,4,1
21,74.9172192544995,173.0681317276358,1,0.8494464062257355,4,1
18,81.9476103084654,161.64342367137962,0,0.04499682123542437,3,1
31,64.39173204165904,191.71245789321543,0,0.7341512590416462,6,0
38,40.19191171239916,195.85646492885732,1,0.3413186459500521,6,1
33,66.29776757856489,187.79566727240382,0,0.4785283699195225,5,1
37,87.05628077952838,170.13213954260456,0,0.9288595498455656,3,0
25,78.43135051016874,194.8202249361579,1,0.33197150473584547,3,0
24,88.23874803787213,177.4674508997479,1,0.46533693393948605,6,1
20,63.681838578673045,167.8554071924734,1,0.013682414760681105,4,1
34,58.60603732335944,170.35595745388306,0,0.08159872000483837,3,0
18,79.6254855264754,175.69843364408163,0,0.258591591134784,5,0
33,77.40022737685047,180.49578520484707,0,0.027852240821074403,3,0
29,78.05554320377259,178.38655788348206,1,0.631375326048251,5,1
36,84.32996642650568,165.87331581828974,0,0.4263983568016225,3,1
39,79.2168492391226,192.13316409185643,0,0.548145202728022,5,0
39,79.05617593140379,178.49394080563158,0,0.17464718589632955,3,1
31,82.1500701380114,172.8624614372935,0,0.2959320294366161,3,0
23,80.02416632187027,191.10302361982764,0,0.6638244748527251,2,1
23,83.57445931717406,168.1659381173347,0,0.9653027236303998,5,0
30,85.08520824778581,163.71109816425485,0,0.0504167736022092,5,0
36,90.31688801240915,192.7248744659874,1,0.8903843208552661,5,1
39,68.5080867509632,198.91387849550338,1,0.5768812013112085,1,1
25,79.80562107410748,175.37903981348603,1,0.5639195667556237,3,1
19,71.29676631402704,179.54029992082855,0,0.5002785352077603,5,1
38,66.66441012720733,168.53335285479096,0,0.06939408590418339,6,1
18,68.10459678919634,180.05492550243395,1,0.08987685173616067,1,1
32,79.94955517561526,175.24294736268803,0,0.6009120056590861,2,0
18,79.18252554786001,178.97871559965,1,0.3409585714355583,5,1
22,79.00412029238437,184.09258387597242,0,0.9172680665776807,5,0
33,72.74286352430667,169.01854521969153,0,0.40659053735947226,1,0
36,75.0341475117841,176.38188660767432,1,0.14328145870264108,3,1
21,83.1775269587605,161.96218578221823,1,0.714718833502036,6,0
20,60.106069403506936,176.45012715886713,1,0.29335342144100984,2,0
34,75.24642098428585,179.06565929083,1,0.5254703073558932,5,1
34,75.8995614812679,182.2898242506108,1,0.69783278550517,3,1
29,82.5330426907765,182.39576540363208,0,0.9002641112020704,6,1
31,61.49751588057175,189.03922750736857,0,0.7921911948016761,6,0
38,89.95133745517411,164.6033348072668,0,0.6763610678727241,2,1
23,77.1363042442851,165.13722970049707,1,0.6796331823951436,4,1
20,77.66580546694937,185.2895793639252,1,0.9459246440320865,6,1
26,70.98620242667774,159.61038722994584,1,0.29582409749653604,4,1
22,80.38022354796844,181.83300212104993,1,0.0011120941961874076,6,0
34,75.47954050283106,168.19707060410107,1,0.2719545593981987,2,1
31,87.08981944106466,195.7281464091718,1,0.217891379626744,1,0
38,60.58505751936384,182.50452407727778,0,0.6618345851139982,2,1
20,76.75545829890508,177.80843980286937,0,0.633711599765529,2,0
18,79.08512348377427,192.27720877139177,0,0.5934613827047238,1,0
37,73.13627605636908,169.3659799342905,0,0.0162434432094537,1,0
38,70.95334176692954,171.2659036591219,0,0.7287780544506475,3,1
18,71.37042721031293,167.38545166344892,1,0.3235304124854915,6,0
20,76.74639269367827,171.34960773651008,1,0.6650559890066311,3,1
35,56.90041099019294,180.61115609367388,1,0.5565784285021533,1,1
27,84.6501496106323,184.9395187199372,1,0.3427309254279072,4,1
39,70.1986813230415,189.61421685367543,1,0.13457626710410775,4,1
20,76.27802697366782,161.75275953099262,1,0.09441889766048095,2,1
25,78.67102266788068,178.28137013536707,0,0.8315183331122236,5,0
31,69.74194612687043,168.918354688092,1,0.918397542081558,2,1
35,73.68961593001004,177.947129085119,1,0.6497880467642996,2,0
32,54.64759759374496,203.3416358012704,1,0.10343411486048337,5,0
39,82.32123607333072,182.91861762000016,1,0.4020272168882407,6,0
19,85.80069000322165,188.99464971148245,0,0.7289392001051572,1,0
27,57.99006448061246,199.60691272161046,0,0.7798208840100681,4,0
19,70.93507123303738,191.27358243174757,1,0.1182186222910886,2,0
34,62.701306217591856,175.52085520313017,0,3.071884538241587e-05,5,0
25,73.22259678512594,167.24167913430063,0,0.712137045880605,3,1
18,81.4863633472096,179.69855730479148,1,0.35659617598620563,2,0
26,84.87308899256625,174.32294215781315,1,0.25448133161826025,4,1
28,86.21853189426848,164.75478713380826,1,0.01289746978952544,1,0
39,88.10543824692213,182.40924997289468,1,0.5402994067614997,2,0
33,72.77587221544434,182.65886298059334,1,0.8511507354259817,2,0
24,63.530413712665606,197.69116700263285,0,0.9576316462725879,6,0
27,73.85409699692032,176.38236931163186,1,0.5657449506132892,5,1
20,81.33267502303576,182.80121388969448,1,0.5144613277398942,3,1
35,62.72740219079142,173.34514585309785,1,0.0850563854892411,3,1
30,91.60136953448242,188.73169430693466,0,0.5488728015425998,1,0
24,83.97888538760341,178.7538220380987,1,0.3799790789653946,4,0
21,72.93432831568671,168.2740839114726,1,0.6071352808835769,1,0
30,67.89128069588759,179.86528178334842,1,0.3887263478765467,2,1
37,68.30878918887358,183.90522897565,0,0.24029912345036675,2,0
18,75.74206213800156,182.55273387413564,1,0.0949652752283765,3,1
25,72.70597397269648,190.45896715495869,1,0.31491844458889573,4,1
31,84.50502755282625,165.5194362795931,1,0.09664483428775228,5,0
33,71.57024171697371,171.57257409985058,0,0.17689695082398393,4,0
31,80.05501810611491,186.39787331795537,1,0.9873361585795459,2,1
29,74.7107511582513,172.7473102203893,1,0.4441035569066186,5,1
36,77.6966935739707,182.40471249330207,1,0.5318717665050166,4,1
32,72.69943564403617,155.80254752588237,0,0.8736185287372153,4,0
19,82.07715541249621,207.15946572312882,1,0.9955689004906878,5,0
19,82.22540080290077,177.30281468442664,1,0.5827144493446815,2,0
39,79.59929025822144,191.93956259988278,1,0.8124738210441717,4,0
36,81.07514327149505,176.63102174416508,0,0.32694102433667527,5,0
39,65.55631222456947,184.14698528730887,0,0.3057439574472911,6,0
39,78.2324576290898,194.91919646345272,1,0.4027037209945602,6,1
34,87.49201767487534,191.65806019208387,0,0.6725072626736491,2,1
37,79.91404567019498,177.95545020314776,0,0.6821916892550988,5,1
27,64.69282497198476,178.64745674606309,0,0.3152394346494508,6,0
23,74.50233490350915,190.03566560183285,1,0.1332099241366287,5,1
32,78.74977938339708,203.332444042853,1,0.6323962564655086,4,0
39,67.42600483101691,181.9228267439904,0,0.12832586218876452,2,0
28,61.41728803276647,199.57063640541642,0,0.5784925082293301,6,1
22,71.83902131563472,177.58585589579795,0,0.693422128056309,4,0
18,67.59167592032297,189.519603635098,1,0.7006114963944516,1,1
25,74.85710968610032,191.01155762247288,1,0.7534721106595967,1,1
38,59.08595352503711,175.90039496147227,0,0.8728594215656645,2,0
29,80.64701062536156,172.52921920698358,0,0.49995899196478844,6,1
29,68.65394964706643,191.45389188547352,0,0.7302491895295712,6,1
22,84.95752236681356,174.68443062756944,0,0.6191727353658367,6,1
24,72.23101160203622,171.05650087324597,1,0.18663993979768256,5,1
21,74.74610953615513,173.16040498200903,0,0.025689644869408168,4,0
23,73.26965121303083,174.64386661574588,1,0.28454138567693377,6,1
30,68.11840309899728,188.56617104625678,0,0.4430337063376194,4,1
37,99.7227946227266,185.15042673276187,0,0.6171059444286563,2,1
32,70.04133821992716,187.1565824475789,0,0.8499593305032054,6,0
20,85.2352152246566,184.21379811098083,0,0.19624571670616564,2,1
25,64.06371053936604,174.0615983775336,0,0.1255497898984771,6,0
37,78.72131391093161,186.97102855908273,1,0.9634799474743275,1,1
33,79.78872163931835,191.82453826605303,0,0.10804455937640711,3,1
30,74.75823022901871,185.8450321611931,0,0.47849107010718916,2,1
35,69.28995280360427,184.4965590662585,0,0.5855637287933019,6,0
27,72.36678097386036,172.32945493429324,1,0.5413744209074383,3,0
36,70.9671049802688,182.11817078974477,1,0.0860321570329432,2,0
34,99.02026281835455,171.79758670551297,1,0.05702691400361937,5,0
36,74.7739691055518,179.75972141919397,1,0.10548342746103567,6,0
22,80.2488877866395,163.59733360774683,0,0.5855876838726125,5,0
38,92.81625090425368,163.67441597007905,0,0.5443448876343211,1,1
26,66.2368133202582,178.0895231005297,0,0.23374079203674425,6,0
29,75.37660233167938,174.5156032817301,1,0.6377741418455916,1,1
38,72.30813868318612,181.06787193474173,0,0.8200675020556494,3,0
18,74.13861554516636,178.65231420884882,0,0.041578959846593766,2,0
18,73.20988032882515,180.30190787210154,1,0.4981299435480424,4,0
32,67.68122914369783,186.0860744235674,1,0.6893104121026903,1,1
19,76.95410284996633,175.3673104433917,1,0.2523119270696871,4,0
39,64.37367222583899,177.80556188355138,0,0.3077709052931491,4,0
33,84.88882737309018,194.55021222763165,0,0.6136379029893838,2,1
25,81.23309806654603,180.03084126825027,1,0.8979352934437369,3,1
30,70.06537183635984,178.2078952537461,0,0.8099244203028994,2,1
38,70.5501667862614,180.8251269932319,1,0.5831302190995835,6,1
18,77.75510562348254,178.3863562699047,1,0.7302217177572492,1,0
33,67.01454684393818,172.90427707046774,0,0.3648224702077987,4,1
24,93.11980124134871,170.0197016282028,1,0.6409655280987577,2,0
22,78.57925728691768,172.36568659849996,1,0.46618159112755697,2,0
39,78.93263151383678,188.72919186770787,1,0.1899361364575609,2,1
20,81.81445080357285,173.70094745281588,0,0.7017382738772572,1,0
29,69.2053672592993,178.45075398163723,1,0.556464637348822,3,1
33,85.89009981784774,187.00736285132896,1,0.3586215819535914,2,0
36,76.14533366215464,177.21608829189023,1,0.9113391900786307,1,1
22,84.50145470998832,186.3336131484365,1,0.020934117826733267,4,1
39,73.0204687343167,164.59206957569134,1,0.315773151249496,6,1
31,88.17278226731186,178.67483320458103,1,0.05688139777764656,5,1
22,79.0134362702479,180.7889609659851,1,0.7665273162216272,1,1
32,96.82507024177087,180.23138723098168,0,0.7021074541137926,5,1
34,71.3047838317777,163.47081302161115,0,0.33135221873631704,2,0
31,77.04549396090745,192.03112646430804,1,0.675662902207073,2,0
37,64.68423753129842,171.45327055028582,0,0.39593722619594984,1,0
22,69.7070176245378,183.35037125262468,0,0.7562537914224343,5,1
29,81.18686547847906,180.0796428264733,1,0.4541836627367061,2,0
33,86.293244375395,190.0370952381068,0,0.41227972783166555,4,1
33,104.65010351720721,201.87488829374206,1,0.934729915488301,3,0
38,74.0337109337678,167.09635515457165,1,0.25087909989070023,3,0
24,65.66786592354403,173.510861187275,1,0.12044733999656543,2,1
21,82.53325760377241,181.89092493839053,1,0.5845431132594582,5,0
18,63.72172779498694,168.94646682447208,1,0.9693218122841789,6,0
22,80.64277388026736,187.8218260795576,0,0.37783921372718665,2,0
27,69.97744283805876,188.4337262215706,1,0.06203676362878152,6,1
39,77.11594970380393,185.59449075995036,0,0.33930526730956745,6,0
22,85.91046102164667,182.36581750876198,1,0.5059316543195584,5,1
21,73.89266570919304,193.6970877796978,1,0.1619230066322137,6,0
19,84.32879084328621,168.4437451833114,1,0.658102218056492,4,0
37,83.73158548619149,180.65268195342554,0,0.9977493890102006,5,0
27,56.35668471690906,172.6119713126978,1,0.4517394759814438,2,0
36,65.98399253964428,188.89916332565167,1,0.35472855673021264,4,1
18,59.38193138604528,161.66658835493567,1,0.40070416683446664,1,0
22,95.01737102530136,179.71916134407022,1,0.11514617839520114,3,1
30,73.94608074562673,183.3523868706995,0,0.8832736014262238,2,1
21,92.80829212966643,170.52507865026226,1,0.414825655521352,2,0
33,58.670477194580165,173.73809967778433,0,0.3872744114248413,2,0
33,69.27231575451474,180.15378981372106,1,0.6596902729304743,4,1
19,83.00498241765973,189.55096379441477,0,0.4420334209311235,1,1
34,76.79274604426683,169.67130771412945,0,0.648233468807846,5,0
37,80.32859892813458,171.41550059625314,1,0.061446290130787506,1,0
29,62.46191766206743,191.25587771040344,1,0.8137233437222274,4,0
35,88.76803492878929,177.27024600080165,0,0.9405039528794026,2,0
20,82.77016095757288,172.2246096015502,1,0.648765386159386,3,0
18,79.01625505491474,187.28684797216917,1,0.9545659288588108,2,1
18,68.14389718918193,175.11803002767752,1,0.1514323143699633,5,0
36,78.23800127605945,190.27421535338775,0,0.4774161894803537,6,0
28,72.0851002100651,173.3627962302029,1,0.6018067339454473,3,1
22,58.49508789962238,178.40405438175003,1,0.5817366474211867,2,0
29,74.49577148278512,189.44971665388732,1,0.40146177908904324,3,0
20,73.43269601777475,177.73739128826247,0,0.3380844093662614,6,1
18,85.6240150987512,187.56053322078645,1,0.1268240225504188,1,0
18,52.65573557685798,179.34452393218996,0,0.3917424505622782,4,1
25,77.35199828854701,199.81691806400028,1,0.16266081510548513,2,0
27,63.44431951894283,195.6877860410285,0,0.7343656764922184,5,0
28,78.19223342195546,166.7190373756625,1,0.20883093549458998,1,0
29,78.74280055577306,185.2224368124801,1,0.05856530528453385,2,1
30,74.13155222869808,171.83596013898958,0,0.5523661378172343,1,1
29,83.07293124811085,181.9150693879273,0,0.5952297327194016,5,1
31,62.542339409003006,180.6837062931026,0,0.8719130612805055,2,1
19,86.07720450281701,169.44612982907512,1,0.5769816124176819,6,0
36,67.91921133805859,190.58484543530324,1,0.3454808537234457,6,1
35,59.441013495101046,182.03302943569074,1,0.8030118815263205,5,1
20,72.2760402950019,177.15316964327417,1,0.5402788931874211,3,1
34,54.048424773200146,175.61890175756406,0,0.07928028463119174,5,0
25,77.54173892246202,181.39776969766237,1,0.5658505603132467,3,0
27,72.40749557419774,184.07925017514285,1,0.9080185454216624,2,1
19,87.33686921376037,178.75024213641734,1,0.39631262549822055,3,1
36,81.48924210506996,151.67480429223792,1,0.29632580189980007,2,0
26,61.0800366281199,180.16890716242483,1,0.14346945701802005,2,1
24,66.61612508882115,165.58517938390222,1,0.15144552193535732,4,1
21,80.20664420534209,177.90547434350924,1,0.4327714843418189,2,1
38,83.47079009985035,165.95435742930357,0,0.5956798241615295,3,1
35,87.2250091488688,165.8350236492053,1,0.08061540516960175,4,0
30,87.14509285305348,192.35121821948528,1,0.9395685890251657,4,0
28,74.10477389752094,176.79908019055608,1,0.7551336174451959,2,0
21,78.6265562225117,176.03337840178082,1,0.5866239182836627,5,1
38,87.98738503943797,184.8252404882859,0,0.8284386709389908,5,1
21,71.96691538064051,176.2940947692755,0,0.08018675681211329,6,0
27,78.79726186940124,201.0380609212741,0,0.4768388777331244,4,0
22,71.73119220320348,177.26980239273982,0,0.6300931268616634,2,0
26,69.49051885534573,183.6512541198301,0,0.8286529061182892,5,1
20,75.48385118285803,189.7094133137686,0,0.7834695600492677,2,0
34,68.12456548660408,196.0225322560691,1,0.27706924971339963,2,1
20,73.69084027230251,172.5799386434236,0,0.9408801695592043,4,1
33,64.65045135467867,175.82036496161356,0,0.12434584143087035,6,0
21,73.1000561281762,192.74591875293515,1,0.8751336186211521,4,0
35,79.48390293615861,188.1006230405269,0,0.9709402496046186,1,1
34,69.11236463793205,190.75175935668457,1,0.17715352322262556,5,0
24,75.09291752530913,166.31295456440333,1,0.7220660642037853,5,0
22,76.39342593621264,195.47999753924017,0,0.040285518777998464,5,1
29,79.52534891821335,172.38592456715196,1,0.40542282513915495,3,1
34,73.66420158694784,181.92292978141896,0,0.516283299197674,2,1
30,85.85866341867806,178.5177712240823,0,0.5806452259096341,4,1
20,53.990811385480825,171.2151716345193,1,0.9359372482485595,5,1
26,104.37752847167773,165.87464236578998,1,0.6722506872941947,1,0
34,66.28866235962484,162.56151883367102,0,0.481277951219237,5,1
34,79.03390023354078,181.19018406053974,1,0.8096750362658893,6,1
37,65.61532089794152,164.74680909766545,1,0.9505328209544089,2,1
33,81.44268159509302,168.66184404913116,0,0.022066148682290843,2,0
39,77.76569152594928,177.8196412180178,0,0.9825212722560387,4,1
30,68.4928646265491,153.61191499740102,1,0.08613213906368034,3,1
36,85.73087345410313,187.78979712044,0,0.8143867792687614,4,1
34,73.36039120398078,155.90111832893191,0,0.2803347525514125,5,0
21,80.47215938057003,179.22627608667227,0,0.13217965775387175,6,1
29,65.82840194803964,180.1501922659429,0,0.4398556397138349,1,1
26,74.6911236442842,185.3806172018181,0,0.6439565794476135,4,1
36,95.03407267182105,179.58319197610106,0,0.380951845023475,3,0
29,84.6296552911413,200.17907963833238,0,0.05456540828269896,4,0
26,78.07620755451052,182.163168815685,1,0.5994611396587166,2,0
24,70.51079172390205,190.53612399243661,0,0.9024032761106747,5,0
31,75.67498535875009,172.7653719112971,1,0.3832153659472517,5,1
37,76.97565990172382,181.20756806189468,1,0.21633277763082703,5,1
36,79.49228434919745,195.47570095028925,1,0.4425773459328154,5,0
32,64.23339491822334,177.6230487531036,0,0.04836271104878087,5,0
33,81.68407960942365,181.9223476419523,0,0.8204875844802748,5,1
38,64.10406901705348,189.80853449137476,1,0.8263408109501867,1,1
22,91.31125852281872,172.57770479808366,0,0.5880004634296284,3,0
20,67.28371677583121,158.38439666680807,1,0.3531028889383895,5,0
29,77.96628319676175,182.5557365371237,0,0.7997833644457834,3,0
37,85.05142573278017,189.88669169358002,0,0.5546870247883672,6,0
38,72.4761995653555,166.48554235108028,1,0.8259323085500162,5,1
21,78.40600019099858,186.70219897277337,1,0.6314587925830206,4,0
38,89.35181549190051,186.7696638733954,1,0.7844054732127973,5,0
33,80.64402987893266,157.26503740884695,0,0.59856299321776,2,1
24,78.55550629674353,170.63711367593228,1,0.4141410682156662,1,1
30,58.152146051795384,176.04171219268338,0,0.9579458599261376,4,1
38,65.66277747259777,178.20375999764764,0,0.5411138248788447,4,1
27,85.46920127650012,172.56865735232017,0,0.6050895185405384,2,1
24,80.69950305341382,172.02997196417817,1,0.22048763941474925,5,0
31,82.21466273785074,196.71482891182092,1,0.6256507894272765,1,0
22,81.35396932214897,178.9244086814109,1,0.5716076494829438,4,0
20,87.89756528375374,173.0495633985026,0,0.18483839794702495,1,1
28,72.38600075044877,179.5883052308745,0,0.059587097353143714,4,0
28,76.20499958789301,185.37090833061143,1,0.6043593197147711,5,1
35,64.71325666870916,180.5162637671121,0,0.7636922693503205,6,0
32,62.21977416563624,177.94272409172027,0,0.5234013709220082,4,0
29,58.56259284411942,173.49983331329545,1,0.2267726253196457,6,1
26,66.14836501000153,173.37869154532402,1,0.6665219766930349,4,1
27,90.52561815489642,174.0219161351464,1,0.08010572660960225,3,0
29,59.47272932183962,183.38814600810736,0,0.4418337048019546,5,0
34,71.96464014422803,170.05819907598212,0,0.1633667583984202,2,0
23,62.06854676353842,183.93269223470222,0,0.18445905105988336,6,0
24,68.99026036996639,194.1299475562683,0,0.20229394915820365,2,0
31,76.6969379235202,183.257073578132,0,0.3867070570439779,5,1
30,67.99884126794991,176.30414471082864,1,0.051150205620397626,2,1
25,85.89664865016461,167.01873114945369,0,0.3977934409290982,5,1
27,90.33978120849567,195.78106807911513,0,0.5117074471147008,2,1
26,52.50904271944061,168.29982349401087,0,0.4832942849663252,6,0
35,68.17007669648878,188.48562034475748,1,0.38278410040304056,3,0
19,75.59142122272422,186.38517860594484,1,0.8391466080707525,2,1
22,86.2611702601538,177.6323139703594,1,0.1453266924205041,6,0
22,70.45755724846738,177.37021196219322,0,0.505696743781374,4,1
23,74.8006460475419,161.6428872595898,1,0.062041416956554296,5,0
36,63.432557749480516,183.3006500081262,1,0.07115567887790974,1,0
25,59.672041477376546,186.19926332395804,1,0.5738658496770963,1,0
33,89.45384689582934,169.10919883852196,0,0.566018424887821,5,1
30,56.75930126107063,178.44178525670898,1,0.878033512844457,3,1
18,98.28619008421566,180.3786191500895,0,0.5578736756600732,2,1
39,82.25151399381741,185.8457262794957,0,0.9597910204048502,3,1
37,81.79973075516756,180.03803076123188,1,0.04869484839992977,1,0
34,80.7546866749443,163.73680646038417,0,0.09800768478074107,6,0
24,72.47314311999037,174.7006223053751,1,0.04406586157038139,5,0
30,78.9208452970087,182.2462578538902,0,0.18527685033354002,5,0
21,73.11103312215525,188.4152834203976,1,0.5412701109416781,3,1
21,80.5307327644048,173.82363390605752,1,0.645572181427428,6,0
23,74.66313473091284,201.8764987455002,1,0.0455851579486688,3,0
36,65.49651816898265,161.05526931163035,0,0.9459708898455993,2,0
29,66.29427383738243,174.362998249421,1,0.842165376650381,4,1
39,65.15727624707496,179.16966396507226,0,0.2966124821570931,6,1
24,84.7090073193431,177.99250836447135,1,0.07718753022646796,4,1
27,68.82553387540902,167.67857670185168,0,0.16988707321905727,2,0
36,55.878968389151396,184.47861747751793,0,0.12694441375497267,4,1
24,78.96838665848806,183.7109405131392,1,0.12328377929894685,1,0
20,90.14517562589582,180.47961445981548,1,0.5185616886657339,4,0
30,82.73083189177527,183.31843863258516,1,0.2458474424934003,2,0
30,68.96676434778288,175.7622358855197,1,0.35813971652914445,4,1
35,59.13188284404911,163.82637049891432,1,0.9895053333843224,5,1
37,73.6573189664249,172.83360129947755,0,0.6843142489253448,3,0
25,73.40776121903289,181.5705458140944,1,0.9489806670470013,1,0
26,65.30800389686235,181.62744414846395,1,0.1425565550331156,5,1
24,80.51037302242537,180.41379052585847,0,0.38213947483256927,5,1
18,93.46626500830473,185.48708267985032,1,0.5547318032823543,2,1
20,77.22282717458285,174.18853954549982,1,0.07675806188873802,3,0
30,76.60476206998845,180.26681057110537,0,0.004187443627957865,3,0
34,65.62771951166178,185.72092778404922,1,0.6704343337969175,6,0
18,88.97414703060372,179.15110181497647,1,0.6418195168014353,1,1
23,74.24855833189983,167.566760715939,1,0.41078880999961176,2,1
38,69.21036744805829,170.38511630344462,0,0.48964407603203264,1,1
23,75.63688393651616,188.30852324279365,1,0.4154430005920896,6,0
29,79.7196133324661,193.92472162942573,0,0.024005044844888856,4,0
30,76.39215408644903,191.7528310782405,1,0.3353716062174624,5,1
30,87.06153395670592,182.32155949742034,0,0.17708225539728983,1,0
32,78.83971552546862,167.96867397983308,1,0.09842418910136874,5,1
38,72.16058189117466,179.9364844322713,0,0.9567204338893498,2,0
33,79.0119221632689,195.62255131950423,0,0.5993597250421656,4,1
39,79.99637101125957,186.18488380456475,0,0.7286562842366027,2,0
38,62.03624080736158,177.92522477316126,0,0.3153637432661175,4,0
28,86.49419728263715,186.28625232841216,0,0.3931471294940152,4,1
22,71.99095980638641,167.30604793384396,0,0.23692399389672347,5,1
21,72.2467677649457,173.04328622151797,1,0.09696567096542474,2,1
20,82.51375987075946,169.15808608977676,1,0.1790316374415838,2,1
36,82.47165224259581,184.69571818348433,0,0.7975140452964858,1,1
37,67.99168321133914,187.14103499720093,0,0.6775458051837758,2,0
35,83.02901618145685,178.46173972801634,0,0.5469288759854769,1,1
32,69.39551848510476,171.27070323260435,0,0.47508987286676807,3,1
26,93.19573046698656,179.80250906465372,1,0.9224342836561245,3,1
34,66.71806018734236,175.13420109326194,0,0.0727349477786684,3,0
31,77.39477461705897,172.03829295306255,1,0.28060081323791597,6,1
32,67.17982363092392,183.38993685309245,1,0.34993785357071405,2,1
18,97.22695629135075,172.42007777481325,0,0.7824258122127878,6,1
38,62.62179055912884,164.33650267035907,0,0.9925146201619713,2,0
39,80.24362747252911,166.55885529636814,1,0.24067051475715306,1,0
39,67.650895855222,163.9673953318405,1,0.8743073341370806,6,1
20,71.45892358552013,182.47511916576204,0,0.8306227604317913,6,0
33,79.53537833745176,181.50405438176165,0,0.22465739764176662,6,1
28,87.24584437626143,181.0052009450816,0,0.3993325801992226,4,0
29,91.23396562299045,185.87731652479943,1,0.4096728692925191,1,1
27,59.630520399736795,191.91958856117117,1,0.9782206685265583,3,0
33,77.67751224364463,174.07733469174886,0,0.18089190137889832,1,1
25,89.59493603383521,184.06477477238417,1,0.799157971104782,4,1
23,58.146890612380595,164.20384492594124,1,0.3341927141731099,2,0
29,78.14383494054847,193.7870974626335,0,0.7308703457761604,1,1
38,74.97916202579816,167.55168761781843,0,0.42001100429566285,6,1
25,79.14541814379788,172.8991888095956,1,0.57835976311654,3,1
21,67.27695974673524,174.02290486266907,1,0.8326117733261311,3,1
25,60.6438117178656,164.73729003277788,0,0.8041655649838841,2,0
35,55.86893574820975,180.32575577408562,0,0.8664231835397002,1,1
22,84.76383953462103,182.1390386820148,0,0.05961732534465902,4,0
26,86.04049136483354,178.10586329018452,0,0.6920505530397448,2,0
21,78.02685348995986,164.59752367968923,0,0.13998737672176287,1,0
39,69.65851650311903,199.83386234851713,1,0.415818568018411,5,0
34,58.769541065342544,185.4923079650165,1,0.5485884150546885,3,1
26,80.63345462505023,206.3422204364996,1,0.40273948474683074,4,1
18,63.992207171633154,171.94890760113708,1,0.5196116758030075,6,0
38,67.88701375239462,189.57882228176976,0,0.9965263087986191,4,1
37,69.13435920437281,187.79273887394163,0,0.13521731371285473,6,0
30,73.02464774303031,177.09424896902638,0,0.6754560453364256,4,1
33,67.40959552791352,194.11050901059224,1,0.3960009663856152,3,1
30,75.33458770992303,175.9458999238622,1,0.13300979890732878,6,1
31,68.7818169949361,176.39108580575393,1,0.15873676337430953,1,0
20,82.01373064839223,145.28570108061618,0,0.9492731062456169,6,0
23,85.31062913988053,184.09028053742637,1,0.879601496711762,2,1
35,76.08542676028438,166.74490088317594,0,0.9070419604150218,1,0
36,79.62626335381103,174.4927880430449,0,0.9915327758273865,2,0
22,96.1785594962589,169.73780361254973,0,0.20831539000851795,4,1
32,63.273967431386836,176.3376846068174,0,0.35543933736406175,1,0
19,62.665318987198944,184.43880230217437,0,0.6692190299248667,4,1
27,81.94997900776875,180.11141563048758,0,0.48380253986064725,5,1
35,94.46542837514765,187.09641290505806,1,0.4183895333783335,4,1
30,72.39501438061278,192.65629535585632,0,0.35781124933559305,4,0
22,92.26833842218761,176.31204063322164,0,0.5937806319434522,2,1
18,75.9643371879349,175.21432757983885,1,0.575593428640082,6,1
39,68.19112717960918,189.5772765366201,0,0.16145783406424008,5,0
18,65.09307611362297,190.3704728873993,1,0.47173983751843906,4,0
35,81.29413584886788,187.40590868103047,1,0.5534717762098499,4,0
32,65.85040932217304,170.4782119326065,1,0.5702869387313905,5,0
34,75.81276842767028,184.22655065501604,0,0.2101071929123518,5,1
28,90.83465025384093,181.0947060404729,0,0.7422713922522868,1,0
38,71.9321960712863,190.52528941349664,1,0.025199094821069634,2,0
39,88.14009474643899,174.27127910462252,0,0.35483185554316266,5,0
34,62.85456510273593,163.33389708850083,0,0.7802126485356335,5,0
30,69.660908986832,186.90236800380274,1,0.5638929210554023,3,1
18,60.92855973785083,154.416316167429,1,0.26116243251086024,6,0
19,75.72996755973358,172.6848659610367,0,0.6949531193430477,5,1
26,82.80078179716583,169.76804488681705,1,0.5673909441560734,2,0
20,75.75187087606186,169.70065329094254,1,0.7962436094563872,6,1
18,87.27050059970152,172.50968529044906,1,0.7350251861898234,6,1
38,67.5082075937087,192.1737356975163,0,0.6101079220362347,4,0
33,77.25342753689067,188.20555419006374,0,0.488177675310814,4,1
23,69.72530676386144,177.48269318007496,0,0.1331821256675234,4,0
34,78.61676585423655,191.3362347185905,1,0.26133301788538377,4,1
22,80.03736046212425,169.37702844833626,0,0.41909947291708527,3,1
22,80.82395959984063,168.01716614252842,1,0.5992992870063887,5,1
23,64.29405661764397,188.6359665924659,0,0.5137078552153048,4,0
20,66.10253898213432,185.79643229322647,0,0.2881845259595295,1,1
38,67.95712291808812,175.39736598416675,1,0.006464357789710551,4,0
22,72.61119252133403,168.6453910630187,0,0.49623922190081393,5,1
38,75.8718640420643,194.5973187503794,1,0.2856259885622431,4,1
22,82.08089121856676,162.79897449052183,0,0.7346083007105351,3,1
27,66.51901300660768,174.01574064656438,0,0.02394626527048349,2,1
27,58.989807022982475,182.28576527517896,1,0.5848278113057909,2,1
36,96.5574316320679,198.02164808431445,1,0.9414742375060654,5,1
34,63.685469793475704,183.8310021207322,1,0.1744092671114995,2,0
38,83.36323722995552,184.80304653013297,0,0.47164949075059537,2,0
31,75.31266877248675,174.30616299851872,0,0.09142199181713817,1,0
26,77.5130564080638,185.68480225274598,0,0.6256819122613526,5,1
31,74.98449494164097,181.05309320879087,1,0.5505316805962256,5,0
18,71.15158118052875,164.1153545958244,1,0.40736552421283234,2,1
36,79.63972282923459,187.92934853493108,1,0.5213770214737412,2,0
30,70.61412793742704,189.7039338984685,0,0.8965746584690102,2,0
30,86.6630274723679,188.03365048821163,0,0.19629430231106704,6,1
21,80.68441006256154,180.33327925665802,1,0.022564511705347234,3,1
18,80.99594113281493,170.43823116850353,0,0.861664884699101,4,0
34,69.9287693994341,156.90816268715133,1,0.5771170823879065,3,0
25,72.63645262911004,181.5705360540145,0,0.8906584554618424,5,0
19,63.12087191357935,190.81942059740848,0,0.5969452234131726,1,0
25,71.46983943274438,189.95532469083082,1,0.8101610899597025,4,1
24,64.63424083643703,188.1607284339385,0,0.42967336335514794,1,0
19,88.13068515588715,179.2578902145061,0,0.7498599312882688,6,1
39,75.50535815594006,190.87464174031498,1,0.913041466889856,5,1
39,76.7049723504043,189.24161823855903,1,0.5721229637222063,6,0
20,72.74853472649978,175.7736643927844,0,0.18078515056237954,5,1
35,76.97578922051407,186.76598016615847,1,0.26879761503019817,1,0
29,99.64877635857684,174.6404085459071,0,0.19864457689740578,1,1
18,71.99859715607509,185.40024231616923,1,0.24685702759573291,1,1
39,68.49586965290007,167.00883355698932,0,0.3064154493510364,5,0
29,80.29693132905443,167.7778819132708,0,0.5551337867531885,2,1
22,49.74281366397512,190.5820704694391,1,0.5879916294638328,1,1
34,75.63956786910933,189.37560122204764,0,0.4264997472418611,6,0
33,71.28287096707099,186.3361154057583,0,0.6154207798208354,4,1
32,65.07686733963905,180.87968821052831,1,0.08157492561136592,5,1
32,80.077576703115,156.0872556897585,1,0.08778823705815997,6,0
22,75.53988418445793,179.2512406179351,0,0.17182946035765845,3,0
38,56.97591092505783,184.5418316718984,1,0.5180774980403448,3,1
31,68.53470478807563,174.65266752440408,1,0.21399467869831357,4,1
19,46.11728794807276,172.87505807191764,0,0.28328440349257733,2,1
28,77.93269314133504,194.4442038815369,0,0.40031283617299407,1,0
36,77.83299418440157,179.39711008608387,1,0.8118661240103798,5,1
24,67.06718106166326,184.5479516964238,1,0.013862135912860118,6,1
23,80.40112711683126,187.74131461619365,1,0.6493788202366224,1,1
19,62.175013788784774,169.98562923494922,0,0.6688765310406853,6,1
23,65.33482974065006,181.93207422714192,0,0.7986557803566365,5,1
35,79.17190464382564,193.196444944773,0,0.9327529390603132,3,1
19,68.11333245037056,198.1922318329972,0,0.020137848949289827,1,0
35,74.37343043797556,180.39936397214692,0,0.15378370551321618,4,0
32,69.36350972573658,177.62056452652925,0,0.886171294055993,2,1
36,70.89068843700815,182.69024068137534,0,0.45851856218701537,4,1
19,71.32775784045008,182.43637047027522,1,0.5645906389334635,2,0
37,67.93243242781823,193.86758066131154,1,0.6630272037231474,6,0
23,78.02449714360124,170.03608310832934,0,0.6790666044956374,1,0
18,68.72071513246051,177.2012691383398,0,0.9317404033165082,1,1
32,75.15686713795603,168.8285867312349,0,0.9969494174116696,2,1
27,67.71268318625597,169.87905114202422,1,0.7201574609309402,3,1
36,59.65701373615541,183.76574015139124,0,0.2872212092051508,5,1
34,84.12435249259167,188.09857841637026,1,0.8797524022943436,4,0
22,79.99526985095409,173.50608306256254,1,0.04922091454076161,6,0
21,97.88682068797672,187.7209478897529,1,0.2310808528744962,4,0
27,64.56027160001742,191.1157865713197,1,0.8973857174637149,4,0
34,72.91039512667969,199.3470599843339,1,0.25619151443935495,6,1
27,73.71492519144194,180.6974684884105,0,0.22065105962174847,6,1
34,84.89369438282131,173.60235472555865,0,0.13812529314024724,1,0
37,69.92892105867392,169.97528068394107,1,0.8591117576469165,4,0
22,63.28958145824146,168.98206802080105,0,0.5000582591910867,5,0
19,87.07809308461002,192.49780701403606,1,0.6748932030541548,5,0
23,71.83349970738772,164.8490465704435,1,0.23906638407502967,2,0
38,83.78643509726044,192.177484856512,0,0.7580404210112165,6,1
19,82.62198400792211,171.31558970747852,0,0.7600055449620985,1,1
30,74.701095260977,173.14793802140593,0,0.31259802490830013,5,0
28,73.25686294965251,178.4844454499002,0,0.41068263301028285,3,0
28,71.08435193670195,172.9634545043349,0,0.20969027743020086,1,0
33,74.8480687123001,189.31979754959576,1,0.9765610233229043,1,1
28,83.63100226170631,198.13343951982776,0,0.6456025770584116,5,1
36,67.03559818940421,173.42567842446863,0,0.9345438807155155,3,1
32,76.0884563020912,175.67762160835372,0,0.30338554362913317,2,0
33,63.813685718011925,178.36679192716102,1,0.7818909129968897,5,1
28,65.05893766957807,185.41056763492637,0,0.765858643884742,3,0
39,74.69061002844376,178.46515721044145,1,0.6916556518665415,1,1
33,55.39841991706168,193.87257411052596,0,0.9656389752668004,3,1
25,95.60558616616052,191.46623916561927,0,0.39355533610631555,1,1
21,63.06940045089764,168.145376464049,1,0.1307173235897573,5,0
25,74.59911487343446,185.20968165574828,0,0.6717088592440608,6,0
21,86.68217721816865,195.20339237309503,0,0.7293098004772062,5,1
20,66.37094661249502,175.05219054233118,1,0.5750605734588147,4,0
20,51.973030104552834,177.05735128206445,0,0.20681789313339627,4,0
35,70.55054239875328,174.71963002147044,1,0.5044559416693554,4,0
36,66.25179619923881,174.92924384476495,1,0.3121897365691294,5,0
36,52.23626491407998,163.31548448088952,1,0.42746652816668906,2,0
38,77.84889892572198,166.71685048534948,1,0.6452185758446639,5,0
22,77.07093862232952,180.7747371873723,1,0.7452147426908345,6,0
35,86.42326454538352,195.1359797465278,0,0.23222469090134312,3,1
27,63.791776344796126,173.86639187481717,0,0.40532536064695335,5,0
39,59.00863513552987,173.5724269705144,0,0.2691615709916292,5,0
38,70.93276916953417,197.01521070420733,1,0.19863161386186912,1,1
23,74.11657340990905,168.91742538184013,1,0.7833872199958384,1,1
18,84.21349602986496,163.3875683729358,1,0.9092526944369924,1,1
22,89.10568005005159,171.714845638625,1,0.3702321856845767,5,1
26,87.14479133907346,173.37215521205633,0,0.7512789243737669,2,0
29,77.76543666892667,162.52546915304936,0,0.8969952893644111,3,1
31,82.99499253504148,178.71958293725388,1,0.8461242105302316,3,1
19,68.59506565230816,189.48446349861536,1,0.1828133885392259,6,0
34,76.68395192475246,167.14045226285174,0,0.9562918815133613,2,0
31,63.08709860712194,180.8757821895359,1,0.37667644042946247,2,0
30,75.62685396886873,183.95935675626774,1,0.33924066117383633,3,1
26,75.88646697398012,179.16615724725708,1,0.062431327277780335,4,0
32,92.22128605684969,181.8569258974106,0,0.486173654104883,1,1
39,72.71017138509754,181.97327262595212,0,0.10901361564092871,1,0
32,75.90042837653286,171.8727204308157,1,0.248539820927426,3,0
28,77.36961415712042,194.98582572011867,0,0.3169426217672814,2,1
33,70.45179684111547,192.47756834076216,1,0.808826323491684,6,0
34,66.97507266788352,191.89911397241167,1,0.8754886503958965,4,0
21,87.98811324847053,190.13675740543863,0,0.3024663174614697,3,0
18,65.19082557039702,164.25020530566977,1,0.8586981212445739,1,0
25,61.72081928312727,189.26062377811965,1,0.8572309373697911,5,0
34,81.8026537929548,186.55601427549507,0,0.7646509503848735,2,1
20,86.5781484202401,164.63476385056217,1,0.14669511401518154,5,1
37,70.4859034239936,177.8508964484992,1,0.690322846900729,6,0
32,70.6394651235012,182.76793449325288,1,0.9450240645805688,3,1
32,77.82543526106794,196.64317098124636,0,0.6825404787671571,1,1
39,67.92147323256816,187.24723857894259,1,0.33161684910783396,4,1
31,67.18287479388032,171.354342727217,0,0.5005793174308313,5,0
31,83.79592587986366,196.95388458451964,1,0.6457250433510536,4,0
19,81.07131100783619,180.43779762713888,1,0.5105704087285036,6,0
30,88.11158886318105,177.44158863096908,1,0.11995294173096982,1,1
31,62.47410987634504,176.72881803411187,1,0.31206404465202064,5,1
36,69.97537513089384,163.76444761976867,0,0.8023960305536325,6,0
24,77.81179562269453,178.90230496183858,0,0.8614180460955174,4,0
20,65.74379150225633,184.97485257305658,1,0.13730003271557023,4,1
32,81.4168743715465,176.14616672474784,1,0.9523867523987246,5,1
31,87.24627087226332,184.2045247724756,1,0.32882261784860933,1,0
28,69.16642027772652,171.3560892908582,1,0.66231373873072,4,1
32,75.38591940227033,178.5907208572238,1,0.7518251459566812,3,1
30,89.55618690081117,183.16540326608632,1,0.8119462346378834,6,1
35,92.99271575019,181.8966087706342,1,0.9457497022259301,5,1
23,82.45801251060404,163.94534910280953,1,0.3129195480288226,2,1
20,80.93429173193609,175.60994049128772,0,0.8585064545515545,2,1
36,66.46263465315089,196.77462930312606,0,0.13168690343620704,1,1
32,78.59209400457841,175.0755392566948,0,0.7050409063535927,3,0
22,80.56820840774998,180.1580754411184,1,0.7419777295139859,4,0
27,72.89629841438955,179.13244249451057,1,0.6777232412013204,2,1
24,69.05223745444337,195.6823975891965,1,0.252314736135153,1,1
34,62.18702326523145,192.9036812219467,0,0.8730431470152034,6,1
24,57.62270244948708,188.0753099981881,1,0.168858463370395,3,0
39,55.52116486678837,170.26757686627465,0,0.05363479152083084,3,0
29,80.79442572867262,183.5918304919208,1,0.7174649906119122,1,1
34,76.47699325226777,185.67941743075133,0,0.4754757152327337,1,0
30,70.16188868458903,173.01395164403945,0,0.8490980199586761,4,1
37,71.6854370227536,171.29482894152312,0,0.38339714105825895,1,1
21,77.10470541530485,197.0501414720703,1,0.16827858850771282,4,1
27,73.35436928991406,176.99196687783072,0,0.8364421924698697,4,1
20,61.59446819996172,196.14976818911148,1,0.5489096316400717,5,1
26,84.130002202743,189.97093755494535,1,0.1891957923903549,3,1
30,78.0412617066981,184.07876782375322,1,0.7203839985864458,6,1
35,77.65898479813848,184.52531436359484,1,0.5111136384895005,3,0
32,83.37562703358373,165.99580439669234,1,0.6043129822403198,3,1
21,66.86354643940325,182.06774779834416,0,0.4608983382065819,5,0
32,87.13731437725842,194.17020412981626,1,0.8287089838180064,4,1
39,73.59957148057762,186.8133950318561,1,0.8295627156830498,4,1
19,83.88598880330875,181.5433668706441,1,0.7093888218243862,1,0
32,82.34449033487655,197.1193719581703,1,0.10540137739646227,5,0
25,64.61198171997444,178.14959277339196,1,0.8388538619040689,1,1
25,80.02900404914136,173.80444324978316,0,0.6710129805329098,5,0
34,78.26274670846685,181.53831916078258,0,0.6970241660042995,1,1
29,75.30311657494342,187.66467368111597,1,0.36298284040387163,2,1
36,74.05628249964619,162.82205904191738,0,0.8792795561570067,3,0
27,74.14106750282208,182.84868643490418,0,0.7253716002348575,3,0
26,83.12689425643995,188.1034501553631,1,0.11259046652919447,6,0
22,80.7791051379151,177.30358374703138,0,0.40777803440616267,4,0
23,75.30478850265665,191.06964766302642,1,0.8863803619601417,6,1
37,60.080638535286255,186.4118666241107,0,0.047196701697378995,2,0
19,79.94443414083618,201.41383118511078,0,0.9614166196420495,6,0
30,82.23613619177779,172.49397102418786,0,0.6791625683195628,3,0
23,98.0041008544697,188.3070985049609,1,0.6313759776433766,4,0
22,85.75433063105038,169.82676092202595,0,0.2705592564879914,2,0
18,56.008236120845325,163.84633548723275,0,0.24879178873917707,3,1
38,75.78429399018643,159.64469157182128,1,0.9420582194885955,1,1
39,93.11375028664982,185.38324022396927,1,0.29827245423412274,5,0
38,81.23548856901637,181.84247913944102,0,0.7755052967189994,2,0
23,78.2865216037321,175.20948942638248,1,0.39312179820707915,4,1
23,84.00228658915236,162.26495666050386,0,0.13925407078470398,6,0
33,68.77621805009197,173.09613373861325,0,0.01071529769535895,6,1
21,79.78089996627456,180.04093007675456,1,0.5442573370152508,2,1
28,72.4953196100809,187.93169366793097,1,0.9757788185489327,4,0
26,74.80376514189525,179.83464249752373,1,0.3691361938092045,2,1
20,83.28454515695107,182.52060342705278,0,0.35719233399304484,4,0
36,65.73286897507819,176.23867619025864,1,0.3440916178494421,6,0
25,87.87982473801938,197.49224202527154,0,0.5205438373048584,3,1
22,70.77188038914457,169.81750355671772,1,0.44066488342429355,1,1
21,77.60662833150407,173.00761782714872,0,0.8799146267270145,3,0
23,60.99492039725057,175.07641926006488,1,0.5055207917234903,1,1
19,82.1983729087139,185.42704397976723,0,0.5077578381885688,6,0
37,89.46503935946578,169.6114021021312,1,0.1383715947205566,3,1
28,69.85358450781852,181.35718590547998,0,0.982739540910386,3,1
21,63.897766134904,181.64910143426556,1,0.24997289086882968,2,0
32,77.77983064742709,173.0564202926662,1,0.07336406745960267,5,0
23,89.54810644991743,183.29979460956858,0,0.6631462489752088,6,0
39,60.501434345190944,169.9218610126257,1,0.5953663701568727,4,1
34,63.93691818771658,168.82925857538254,0,0.4151456539927457,6,0
23,70.45810441688484,180.99605756521441,0,0.42219223388067806,4,0
36,66.79656175469304,163.40244414521936,1,0.7850639210464312,4,1
19,66.82814533391004,158.55197297449763,0,0.19571264009964906,1,1
32,54.05879372336223,185.328333007968,1,0.8202533189448897,4,0
28,80.89056947405868,190.4896994259117,1,0.6487471138950182,4,0
25,78.38720502869636,175.3319688130747,0,0.4189697737795244,2,0
36,58.01150800196355,173.3192934790223,1,0.4580286165838686,3,0
30,89.57195759956247,190.0553522597456,0,0.2566472071860958,6,1
29,91.81092314930487,168.54461782001079,0,0.7521143326969748,6,1
22,67.49094450219886,166.3662737527884,1,0.5128747423052678,4,0
23,86.66548590977006,187.07636423708487,1,0.3208545427498436,5,0
39,69.27002195009054,180.09038186512308,0,0.5960501157609502,6,0
21,76.8111651021106,190.64876739290239,0,0.995734452051323,4,1
36,66.64237864979091,158.59734121222021,1,0.43526227965655384,1,0
37,97.14251523462275,165.99326008881437,1,0.9206914007786196,1,0
18,72.03982772670102,180.14332059844156,1,0.3450168399245661,1,1
37,76.26449022823462,184.17673698483787,1,0.054732706924985886,4,1
34,68.12062612536172,188.4699708768946,0,0.20424210636842888,2,0
29,93.61315597236394,181.74817768808776,1,0.4186951433276842,5,0
32,93.8661464608941,181.64655155358568,0,0.219634928594569,4,1
18,91.3092918126294,176.10598456969802,0,0.0002270382182555375,2,0
31,84.56440348347621,195.90904904904517,1,0.9150015377475272,2,0
23,68.75210453065948,168.96976544529502,0,0.843879411230929,6,1
22,83.27850095962418,183.5902015255594,1,0.7422922314869471,4,1
28,74.92957201075265,170.1219116541198,0,0.16781459564602863,4,1
21,88.12408621742632,185.34778545805008,1,0.12036357620998606,2,0
30,86.15902053365362,169.62982430612234,0,0.06760474947238315,2,1
28,68.50734421924075,187.43815698500458,0,0.7240291887729212,2,1
20,84.47825802837217,181.12104946824516,1,0.9288079606878853,6,0
18,81.82034450043926,197.44639173258682,1,0.430535820913037,4,0
23,47.26437137086552,177.18980352728414,0,0.11914067199604816,2,1
35,83.00936639629462,184.24966116247546,0,0.5123928207321066,1,1
27,70.68204211359794,172.2034371953929,1,0.34883190745863013,4,0
22,66.13957545668326,177.12106993558706,0,0.3748249243499977,6,0
27,66.56739395706258,181.05749479444353,1,0.6213306241557073,1,1
29,73.64757104367969,164.72780077528625,0,0.7187181132622024,3,1
19,79.80059580086683,165.82376065815228,1,0.11060359887316085,4,0
30,61.3453797780782,185.99859299835646,0,0.035590230806476386,3,1
25,76.89847836212465,178.5391317846832,1,0.9943303026857149,2,0
19,80.76758066193072,174.0707346695198,1,0.23272834891555183,6,1
37,93.61805783669632,172.63013819583244,0,0.053830524908459076,2,0
18,64.2330983077487,173.01511204276306,1,0.18987532909591998,6,0
22,71.50387813222196,181.12550715008229,0,0.03895784634846422,5,1
26,77.61662972696479,184.4503586411619,1,0.39181089461717167,2,1
34,86.47409330191606,159.07892770374775,1,0.8024017844513243,3,0
26,71.95776118828186,194.12834056769893,1,0.3412444497577206,6,1
28,86.98641371991052,193.4170076294199,0,0.44418340687836655,2,1
32,55.626376835235405,156.693452364531,1,0.6755867735674388,4,1
23,62.46651806878114,190.85926696322798,0,0.5088940700698802,6,0
20,78.48644344334221,190.55218851331043,1,0.8614456860213242,6,1
34,60.89175501912125,180.00445494187545,0,0.8660356750457565,2,1
22,63.25529473233283,167.02831378115124,0,0.009910695491153643,5,0
29,69.72223135754061,190.1522809166507,0,0.7780463064831992,2,1
35,82.71438991915824,177.5876893370265,1,0.46073360024167387,3,1
31,56.04035158692711,185.48878843818957,0,0.9888405413036631,3,0
38,76.70298362162394,202.1920127196178,1,0.48323207587543515,6,0
28,85.32963947152805,182.5183675062362,0,0.9868959453882975,6,1
26,73.05054791571041,170.83115308281438,0,0.7545693612057366,2,1
19,71.3116977040746,176.64269005080277,0,0.24860488461330632,3,0
29,79.01771282558573,172.10554639759013,0,0.5383949792869577,3,0
20,73.0788894727856,184.33489717448523,1,0.9921356394785827,5,1
20,88.90499781240747,171.93932441250195,0,0.8575306077519237,4,1
18,63.885869878655654,175.27148577650357,0,0.0973668937912211,5,1
25,74.48355844834916,167.155696255924,1,0.7063719968099961,1,0
39,77.05686374960685,178.67912994480855,0,0.34557958587081306,5,1
25,71.2154594815354,181.7675479330205,0,0.006982261880348117,2,0
28,46.287173370425386,153.15211952882507,0,0.4034809690269996,4,0
26,73.39095091950807,182.5957356148022,0,0.2347544217249713,2,0
22,84.00176986912466,179.5429976890322,1,0.8188692705204715,1,1
31,82.78109186126018,172.35008051243872,1,0.3373306088457655,4,1
20,78.547784821702,200.28628924269873,0,0.8275236939538171,6,1
38,64.02137641650776,189.58476527604753,1,0.0005979388347953085,3,0
22,78.95309462458484,169.03597513848598,1,0.30781915002611915,5,1
22,69.26562178457762,188.38236879571141,0,0.24116521430776194,2,0
36,78.53482905948667,192.44498076021057,1,0.23356736106861098,1,0
31,76.21505011401716,181.32020922617556,0,0.0681866197654627,3,0
21,65.23624728716628,183.61442036947327,1,0.18712427041050173,5,0
30,66.07544160643096,183.38346666921592,1,0.5555495698856199,3,0
27,78.55022454421517,159.1418414107671,1,0.2913610728377445,5,0
35,72.78886904711499,178.131304031496,0,0.41739478232914795,6,1
25,66.59718569342871,177.6108715801597,1,0.3768668803471885,4,0
25,65.77169810273168,194.30155636559877,0,0.8759049249998946,3,1
24,71.96169152013785,183.33727863561873,0,0.9052989990105155,3,0
25,90.6810479471821,177.02389037883304,1,0.49295697165586005,3,1
31,69.73921967788041,179.0987525900899,0,0.3301559503156044,4,1
36,74.85980461742412,190.233855816274,1,0.10680070400236363,1,1
23,76.0164428768951,178.15415336754685,0,0.953402879382095,5,1
18,63.68973608508057,173.0180446690839,0,0.06022694490029745,6,0
32,57.37167516157305,177.24297807079134,1,0.29765027756828044,3,0
18,64.7335926526427,189.40696143822683,1,0.29806620117000415,4,0
34,77.47077377806303,184.96164905597936,1,0.3204012861402149,1,0
18,75.8733105791541,180.44267973349113,1,0.16428684327240928,5,1
32,82.02406569151066,181.9153929944483,0,0.7831614309236972,4,1
19,75.96749894959116,174.40257526404517,0,0.12249786196598922,6,1
31,73.90450708530797,178.06050599557346,0,0.6349066591531628,6,0
38,68.95987725074873,173.36695678225482,1,0.12384602670581746,5,1
25,83.84606789862693,177.05220715700256,0,0.07053563759295656,3,0
25,65.80819861279284,193.46178263626624,1,0.9094295036858765,6,1
36,63.89600482703979,169.2212818862281,0,0.19012876631870568,1,1
24,80.67055517388103,173.11282333577086,1,0.8212501545597043,4,1
36,61.66842689346345,167.45701137064248,0,0.5446308711071358,1,1
23,99.14790998658631,165.29091242812402,0,0.0778565196087696,3,1
23,75.79993380559144,178.1322808580471,1,0.9554481914380675,1,0
20,78.47906116324886,173.82390818199212,0,0.24696116699189252,1,1
24,66.91580175476614,197.61688930792192,1,0.8596453453526065,2,0
36,71.84735155758453,177.17153453822206,0,0.16881000578456418,1,0
